Sr. No. (CCA),Sr. No. (instrument),Date,Year,Capital control action,Link to capital control instrument,Category,Asset Class,Ease/tightening,Remarks
1,1,21-09-2000,2000,Procedure for renewal of FII accounts and sub-accounts notified,https://www.sebi.gov.in/legal/circulars/sep-2000/renewal-of-registration-of-foreign-institutional-investors-and-sub-accounts_17582.html,Procedure,General,0,
2,2,13-02-2001,2001,FIIs allowed to invest in commercial paper,https://www.sebi.gov.in/legal/regulations/feb-2001/securities-and-exchange-board-of-india-foreign-institutional-investors-amendment-regulations-2001_17779.html,Investment Condition,Debt,1,
3,2,13-02-2001,2001,FIIs whose registration has expired/ not been renewed need specific approval of SEBI for disinvesting.,https://www.sebi.gov.in/legal/regulations/feb-2001/securities-and-exchange-board-of-india-foreign-institutional-investors-amendment-regulations-2001_17779.html,Eligibility,General,-1,
4,3,08-03-2001,2001,Increase in the ceiling for investment by FIIs from 40% to 49% with the approval of the shareholders through a special resolution in the General Body Meeting.,https://www.finmin.nic.in/sites/default/files/lahiricommreport.pdf,Investment Condition,General,1,"Legislative instrument not traceable. Cited on page 9, paragraph 21 of the source link. 
"
5,4,04-06-2001,2001,Procedure for disinvesting after expiry/non-renewal of registration notified,https://www.sebi.gov.in/legal/circulars/jun-2001/clarifications-regarding-investment-by-foreign-institutional-investors_13485.html,Procedure,General,0,
6,5,20-09-2001,2001,"Indian companies permitted to increase the FII investment limit up to the sectoral cap/statutory ceiling, as applicable.",https://www.finmin.nic.in/sites/default/files/lahiricommreport.pdf,Investment Condition,General,1,"Legislative instrument not traceable. Cited page 9, paragraph 21 of the source link."
7,6,31-10-2001,2001,Issuance of derivatives by FIIs are to be reported to SEBI on a monthly basis,https://www.sebi.gov.in/legal/circulars/oct-2001/issuance-of-derivative-instruments-by-registered-foreign-institutional-investors-fii-_17948.html,Procedure,Derivatives,-1,
8,7,04-02-2002,2002,FIIs permited to trade in all the exchange traded derivative contracts subject to the position limits to be issued by SEBI,https://www.sebi.gov.in/legal/circulars/feb-2002/scheme-of-fii-trading-in-all-exchange-traded-derivative-contracts_16138.html,Investment Condition,Derivatives,1,"Legislative instrument not traceable. Cited the instrument available at the source link
"
9,8,12-02-2002,2002,Position limits specified for trading in exchange traded derivatives by FIIs,https://www.sebi.gov.in/legal/circulars/feb-2002/scheme-of-fii-trading-in-all-exchange-traded-derivative-contracts_16138.html,Investment Condition,Derivatives,0,"Since the circular eases the requirements for FPIs with small exposure, but tightens it for FPIs with large exposure, we score it as 0."
10,9,15-05-2002,2002,Write off of securities to require prior approval of SEBI,https://www.sebi.gov.in/legal/circulars/may-2002/reporting-of-write-off-of-securities-held-by-foreign-institutional-investors-and-sub-accounts_16228.html,Investment Condition,General,-1,
11,10,19-07-2002,2002,Reporting mechanism to provide for reporting of buybacks and write offs,https://www.sebi.gov.in/legal/circulars/jul-2002/clarifications-regarding-operations-of-foreign-institutional-investors_16443.html,Procedure,General,0,
12,11,10-12-2002,2002,Registration process for FIIs simplified requiring lesser documentation.,https://www.sebi.gov.in/media/press-releases/dec-2002/notification-of-sebi-foreign-institutional-investors-amendment-regulations-2002_18452.html,Procedure,General,1,
13,11,10-12-2002,2002,Fees for registration of FIIs reduced,https://www.sebi.gov.in/media/press-releases/dec-2002/notification-of-sebi-foreign-institutional-investors-amendment-regulations-2002_18452.html,Procedure,General,1,
14,12,11-02-2003,2003,"Circular clarifying that invesment limit of 10% and 5% of the total issued capital will not be attracted in case of derivatives contractracs till it does not result in physical settlement of the underlying stoock,",https://taxguru.in/sebi/sebi-applicability-investment-limit-exchange-traded-derivative-contracts.html,Investment Condition,Derivatives,0,Legislative instrument not traceable. Secondary source for legislative insturment provided.
15,13,31-03-2003,2003,Uniform Client Code to be obtained for trades to be carried out on the stock exchange. To be compulsory from a later date.,https://www.sebi.gov.in/legal/circulars/apr-2004/unique-client-code-for-foreign-institutional-investors-fiis-and-their-sub-accounts-sas_9617.html,Procedure,General,-1,
16,14,08-08-2003,2003,Revision in the format in which offshore derivatie instruments are issued by FIIs,https://www.sebi.gov.in/legal/circulars/aug-2003/issuance-of-offshore-derivative-instruments-by-registered-foreign-institutional-investors-fii-_15937.html,Procedure,Derivatives,0,
17,15,28-08-2003,2003,"Regulation 7A introduced mandating that a foreign institutional investor holding a certificate shall, at all times, abide by the Code of Conduct as specified in in Third Schedule",https://www.sebi.gov.in/acts/act07a.html#_ftn28,Investment Condition,General,-1,
18,16,01-09-2003,2003,FIIs & NRIs permitted to trade in all exchange traded derivative contracts approved by SEBI from time to time subject to the limits prescribed by SEBI.,https://www.rbi.org.in/Scripts/NotificationUser.aspx?Id=1324&Mode=0,Investment Condition,Derivatives,0,
19,17,29-10-2003,2003,Position limits specified for trading in exchange traded derivatives by FIIs modified,https://www.sebi.gov.in/legal/circulars/oct-2003/trading-by-fiis-and-nris-in-exchange-traded-derivative-contracts_15969.html,Investment Condition,Derivatives,-1,
20,18,20-11-2003,2003,Revision in the format in which offshore derivative instrumens are issued by FIIs requiring FIIs with no offshore derivative instruments to make a one-time Nil reporting along with undertaking,https://www.sebi.gov.in/legal/circulars/nov-2003/issuance-of-offshore-derivative-instruments-by-registered-foreign-institutional-investors-fii-_15974.html,Procedure,Derivatives,0,
21,19,17-12-2003,2003,"FIIs/ sub- accounts of FIIs permited to buy/sell equity shares/debentures of Indian companies, units of domestic mutual funds,dated Government Securities and Treasury Bills through stock exchanges in India at the ruling market price, invest / trade in exchange traded derivative contracts, and also to buy/sell shares and debentures etc. of listed/unlisted companies otherwise than on stock exchange at a price approved by SEBI/ Reserve Bank",https://www.rbi.org.in/Scripts/NotificationUser.aspx?Id=2758&Mode=0,Investment Condition,General,1,
22,20,01-01-2004,2004,Separate clearance of RBI and SEBI no longer required for registration/renewal of FIIs and sub accounts.,https://www.sebi.gov.in/legal/circulars/jan-2004/registration-renewal-of-foreign-institutional-investors-and-sub-accounts_9540.html,Investment Condition,General,1,
23,21,01-01-2004,2004,"FIIs allowed to issue, deal in or hold, off-shore derivative instruments against underlying securities, listed or proposed to be listed on any stock exchange in India, in favour of those entities which are regulated by any relevant regulatory authority in the countries of their incorporation or establishment, subject to compliance of ""know your client"" requirement",https://www.sebi.gov.in/acts/fiireguamend.html,Investment Condition,Derivatives,1,
24,22,19-02-2004,2004,Clarification regarding which entities would be deemed to be regulated for the purpose of issuing offshore derivative instruments,https://www.sebi.gov.in/legal/circulars/feb-2004/issuance-of-offshore-derivative-instruments-by-registered-foreign-institutional-investors-fii-_9575.html,Eligibility,Derivatives,0,
25,22,19-02-2004,2004,"Amendment to FII Regs: Exemption provided under r.15 allowing FIIs to access secondary markets under the SEBI Delisting of Securities Guidelines, 2003.",https://www.sebi.gov.in/legal/regulations/feb-2004/securities-and-exchange-board-of-india-foreign-institutional-investors-second-amendment-regulations-2004_12125.html,Investment Condition,General,1,
26,22,19-02-2004,2004,FIIs allowed to participate in disinvestment of shares made by government,https://www.sebi.gov.in/legal/regulations/feb-2004/securities-and-exchange-board-of-india-foreign-institutional-investors-second-amendment-regulations-2004_12125.html,Investment Condition,Debt,1,
27,23,02-04-2004,2004,FIIs directed to obtain Uniform Client code for trades on stock exchange,https://www.sebi.gov.in/legal/circulars/apr-2004/unique-client-code-for-foreign-institutional-investors-fiis-and-their-sub-accounts-sas_9617.html,Procedure,General,0,
28,23,02-04-2004,2004,Reporting of offshore derivative instruments to be reported monthly (as opposed to fortnightly).,https://www.sebi.gov.in/legal/circulars/apr-2004/reporting-of-offshore-derivative-instruments-by-registered-foreign-institutional-investors-fii-_9614.html,Procedure,Derivatives,1,
29,23,02-04-2004,2004,FIIs no longer required to make 'Nil' requirements.,https://www.sebi.gov.in/legal/circulars/apr-2004/reporting-of-offshore-derivative-instruments-by-registered-foreign-institutional-investors-fii-_9614.html,Procedure,General,1,
30,25,01-11-2006,2006,"FII investment upto 23percent permitted in market infrastructure institutions in the securities markets, such as stock exchanges, depositories, and clearing corporations.",https://www.nseindia.com/content/us/ismr2011ch7.pdf,Investment Limit,Equity,1,"Legislative instrument not traceable. Cited at annexure 1 of the source link.
"
31,26,01-04-2006,2006,FII Debt Limit increased from USD 1.75 billion to 2 billion for Government bonds,https://www.rbi.org.in/Scripts/BS_ViewBulletin.aspx?Id=17257,Investment Limit,Debt,1,Legislative instrument not traceable. Cited at annexure 1 of the source link.
32,28,01-09-2006,2006,Separate limit of US$ 0.5 billion in Tier II bonds,https://www.rbi.org.in/Scripts/BS_ViewBulletin.aspx?Id=17257,Investment Condition,Debt,1,"Legislative instrument not traceable. Cited at annexure 1 of the source link.
"
33,29,01-11-2004,2004,FII limit raised to USD 1.75 billion,https://www.rbi.org.in/Scripts/BS_ViewBulletin.aspx?Id=17257,Investment Limit,Debt,1,"Legislative instrument not traceable. Cited at annexure 1 of the source link.
"
34,30,01-12-2004,2004,Outstanding corporate debt limit of US $ 0.5 billion prescribed. The objective was to limit short-term debt flows,https://www.rbi.org.in/Scripts/BS_ViewBulletin.aspx?Id=17257,Investment Limit,Debt,1,"Legislative instrument not traceable. Cited at annexure 1 of the source link.
"
35,31,26-06-2006,2006,Amendment to FII Regs: Validity of registration reduced from five years to three years,https://www.sebi.gov.in/legal/regulations/jun-2006/securities-and-exchange-board-of-india-foreign-institutional-investors-amendment-regulations-2006_15099.html,Investment Condition,General,-1,
36,31,26-06-2006,2006,Amendment to FII Regs: Registration fees doubled,https://www.sebi.gov.in/legal/regulations/jun-2006/securities-and-exchange-board-of-india-foreign-institutional-investors-amendment-regulations-2006_15099.html,Investment Condition,General,-1,
37,31,26-06-2006,2006,Amendment to FII Regs: FIIs alowed to invest in security receipts,https://www.sebi.gov.in/legal/regulations/jun-2006/securities-and-exchange-board-of-india-foreign-institutional-investors-amendment-regulations-2006_15099.html,Investment Condition,Debt,1,
38,32,21-08-2006,2006,Amendment to FII Regs: Eligibility of FIIs broadened,https://www.sebi.gov.in/legal/regulations/aug-2006/securities-and-exchange-board-of-india-foreign-institutional-investors-second-amendment-regulations-2006_10601.html,Eligibility,General,1,
39,32,21-08-2006,2006,Formats of form for registration revised,https://www.sebi.gov.in/legal/regulations/aug-2006/securities-and-exchange-board-of-india-foreign-institutional-investors-second-amendment-regulations-2006_10601.html,Procedure,General,1,
40,33,01-01-2007,2007,FII Debt Limit increased from USD 2 billion to 2.6 billion for Government bonds,https://www.rbi.org.in/Scripts/BS_ViewBulletin.aspx?Id=17257,Investment Limit,Debt,1,"Legislative instrument not traceable. Cited at annexure 1 of the source link.
"
41,34,08-01-2007,2007,Amendment to FII Regs: Domestic asset management companies and domestic portfolio companies no longer deemed to be FIIs,https://www.sebi.gov.in/legal/regulations/jan-2007/securities-and-exchange-board-of-india-foreign-institutional-investors-amendment-regulations-2007_8651.html,Eligibility,General,1,
42,27,01-04-2006,2006,FII Debt Limit increased from USD 0.5 billion to 1.5 billion for Corporate bonds,https://www.rbi.org.in/Scripts/BS_ViewBulletin.aspx?Id=17257,Investment Limit,Debt,1,"Legislative instrument not traceable. Cited at annexure 1 of the source link.
"
43,35,08-06-2007,2007,"FIIs, registered with SEBI, eligible to invest in listed non-convertible debentures/ bonds",https://www.rbi.org.in/scripts/NotificationUser.aspx?Id=3584&Mode=0,Investment Condition,General,0,
44,36,19-07-2007,2007,"SEBI approved clearing corporations and clearing members authorised to (i) open demat accounts for foreign depositories, and to acquire, hold, pledge and transfer the foreign sovereign securities, offered as collateral by FIIs; (ii)  remit the proceeds arising from corporate action, if any, on such foreign sovereign securities; and (iii)  liquidate such foreign sovereign securities if the need arises.",https://www.rbi.org.in/scripts/NotificationUser.aspx?Id=3726&Mode=0,Investment Condition,Derivatives,1,
45,37,31-12-2007,2007,"Amendment to FII Regs: Short selling of securities by FIIs allowed in accordance with the guidelines specified by the Board, ",https://www.sebi.gov.in/legal/regulations/dec-2007/securities-and-exchange-board-of-india-foreign-institutional-investors-second-amendment-regulations-2007_8679.html,Investment Condition,General,1,
46,38,01-01-2008,2008,FII Debt Limit increased from USD 2.6 billion to 3.2 billion for Government bonds,https://www.rbi.org.in/Scripts/BS_ViewBulletin.aspx?Id=17257,Investment Limit,Debt,1,"Legislative instrument not traceable. Cited at annexure 1 of the source link.
"
47,39,06-01-2008,2008,"Cumulative debt investment limits from US $ 3.2 billion to US $ 5 billion and from US $ 1.5 billion to US $ 3 billion for FII investments in government securities and corporate debt, respectively",https://www.rbi.org.in/Scripts/BS_ViewBulletin.aspx?Id=17257,Investment Condition,Debt,1,"Legislative instrument not traceable. Cited at annexure 1 of the source link.
"
48,40,31.01.2008,2008,No demarcation between 100% debt and normal 70:30 FIIs/ Sub Accounts for the purposes of allocation of debt investment limits. The individual limits allocated to the 100% debt FIIs/ Sub Accounts stand cancelled,https://www.sebi.gov.in/legal/circulars/jan-2008/fii-investments-in-debt-securities_5779.html,Investment Condition,General,-1,
49,40,31.01.2008,2008,The  allocation  of  unutilized/  unallocated  limits  for  investments  in  Government  Securities/  T-Bills  shall  be  on  first-come-first-serve  basis,https://www.sebi.gov.in/legal/circulars/jan-2008/fii-investments-in-debt-securities_5779.html,Procedure,Debt,1,
50,40,31.01.2008,2008,Investments  by  FIIs/  Sub  Accounts  in  debt  oriented  mutual fund schemes shall now be reckoned as investments in corporate debt.,https://www.sebi.gov.in/legal/circulars/jan-2008/fii-investments-in-debt-securities_5779.html,Investment Condition,Other,-1,
51,41,22-05-2008,2008,"Amendments to FII Regs: Unregulated university  funds,  endowments,  foundations,  charitable  trusts  and  charitable  societies made eligibile for registration, ",https://www.sebi.gov.in/legal/regulations/may-2008/securities-and-exchange-board-of-india-foreign-institutional-investors-amendment-regulations-2008_6599.html,Eligibility,General,1,
52,41,22-05-2008,2008,"Individual limit in a broad based fund raised from 10 per cent to 49 per cent,",https://www.sebi.gov.in/legal/regulations/may-2008/securities-and-exchange-board-of-india-foreign-institutional-investors-amendment-regulations-2008_6599.html,Investment Condition,General,1,
53,41,22-05-2008,2008,"Validity of registration certificate made permanent, ",https://www.sebi.gov.in/legal/regulations/may-2008/securities-and-exchange-board-of-india-foreign-institutional-investors-amendment-regulations-2008_6599.html,Investment Condition,General,1,
54,41,22-05-2008,2008,"Foreign individuals allowed to register as FIIs/sub-accounts, Asset management company, investment manager or advisor or an institutional portfolio manager set up and/ or owned by NRIs are also eligible to be registered as FII",https://www.sebi.gov.in/legal/regulations/may-2008/securities-and-exchange-board-of-india-foreign-institutional-investors-amendment-regulations-2008_6599.html,Eligibility,General,1,
55,41,22-05-2008,2008,FIIs allowed to invest in CIS units,https://www.sebi.gov.in/legal/regulations/may-2008/securities-and-exchange-board-of-india-foreign-institutional-investors-amendment-regulations-2008_6599.html,Investment Condition,Other,1,
56,41,22-05-2008,2008,Amendments to FII Regs: FIIs liable for all acts and ommissions of its sub-accounts,https://www.sebi.gov.in/legal/regulations/may-2008/securities-and-exchange-board-of-india-foreign-institutional-investors-amendment-regulations-2008_6599.html,Investment Condition,General,-1,
57,41,22-05-2008,2008,Additional conditions specified for dealing in offshore derivative instruments,https://www.sebi.gov.in/legal/regulations/may-2008/securities-and-exchange-board-of-india-foreign-institutional-investors-amendment-regulations-2008_6599.html,Investment Condition,Derivatives,-1,
58,42,16-10-2008,2008,Cumulative debt investment limit in corporate debt increased from USD 3 billion to USD 6 billion,http://www.moneycontrol.com/mccode/news/lp_news_detail.php?autono=494,Investment Condition,Debt,1,"Legislative instrument not traceable.
Copy of legislative instrument available from alternate source"
59,43,17-10-2008,2008,70:30 debt investment restrictions done away with,https://www.rbi.org.in/scripts/NotificationUser.aspx?Id=4568&Mode=0,Investment Condition,General,1,
60,44,30-10-2008,2008,Amendments to FII Regs: Conditions for dealing in offshore derivative instruments relaxed,https://www.sebi.gov.in/legal/regulations/oct-2008/securities-and-exchange-board-of-india-foreign-institutional-investors-second-amendment-regulations-2008_6509.html,Investment Condition,Derivatives,1,
61,44,02-01-2009,2009,Limit of 8 billion to be allocated to market participants in an open bidding platform,Not available,Investment Condition,General,1,
62,45,07-04-2010,2010,Instruction guidelines on filing of registration forms,https://www.sebi.gov.in/otherentry/apr-2010/instructions-for-filling-up-registration-application-forms-form-a-form-aa-for-foreign-institutional-investors_20278.html,Procedure,General,0,
63,48,12-04-2010,2010,FIIs allowed to offer domestic government securities as collateral in the cash segment,https://www.rbi.org.in/scripts/NotificationUser.aspx?Id=5583&Mode=0,Investment Condition,Debt,1,
64,49,13-04-2010,2010,"Amendment to FII Regs: In case of a transaction done pursuant to the process  of  market  making  or  subscribing  to  unsubscribed  portion  of  the  issue  in  accordance  with  the ICDR, conditions under reg. 15 (with respect to investments in the secondary market) shall not apply",https://www.sebi.gov.in/legal/regulations/apr-2010/securities-and-exchange-board-of-india-foreign-institutional-investors-amendment-regulations-2010_1934.html,Investment Condition,General,1,
65,50,26-11-2010,2010,Foreign investment limit in government debt increased from USD 5 billion to USD 10 billion and for in corporate debt from USD 15 to USD 20 billion as FIIs allowed to invest in Goverment Bonds (Long) and Corporate bonds with a residual maturity of 5 years up to USD 5 billion each,https://www.sebi.gov.in/sebi_data/attachdocs/1293785187375.pdf,Investment Condition,Debt,1,
66,50,26-11-2010,2010,FIIs allowed to invest in to-be listed securities,https://www.sebi.gov.in/sebi_data/attachdocs/1293785187375.pdf,Investment Condition,General,1,
67,51,03-01-2011,2011,FII Debt Limit increased from USD 20 billion to 25 billion for Corporate bonds,https://www.rbi.org.in/Scripts/BS_ViewBulletin.aspx?Id=17257,Investment Limit,Debt,1,"Legislative instrument not traceable. Cited at annexure 1 of the source link.
"
68,52,10-01-2011,2011,Limit allocation to be done only on an auction basis,Not available,Procedure,Debt,1,
69,53,11-01-2011,2011,Foreign investment limit in government debt increased from USD 10 billion to USD 15 billion,https://www.rbi.org.in/Scripts/BS_ViewBulletin.aspx?Id=17257,Investment Limit,Debt,1,"Legislative instrument not traceable. Cited at annexure 1 of the source link.
"
70,54,29-04-2011,2011,Increase in total limit available to FIIs for investment in listed NCDs/bonds to USD 40 billion by raising the sub limit of USD 25 billion for investment in the infrastructure sector,https://www.rbi.org.in/scripts/NotificationUser.aspx?Id=6364&Mode=0,Investment Limit,Debt,1,
71,54,29-04-2011,2011,"Custodian banks are allowed to issue Irrevocable Payment Commitments (IPCs) in favour of the Stock Exchanges / Clearing Corporations of the Stock Exchanges, on behalf of their FII clients for purchase of shares under the Portfolio Investment Scheme",https://www.rbi.org.in/scripts/NotificationUser.aspx?Id=6363&Mode=0,Procedure,General,1,
72,55,02-05-2011,2011,Amendment to FII Regs: Entities specifically recognized as distinct and separate by the government pursuant to treaties or agreements with other soverign governments to be recognized as distinct and separate by SEBI as well.,https://www.sebi.gov.in/legal/regulations/may-2011/securities-and-exchange-board-of-india-foreign-institutional-investors-amendment-regulations-2011_20664.html,Eligibility,General,0,
73,56,20-05-2011,2011,FIIs can undertake foreign currency- rupee swaps for hedging the flows relating to the IPO under the ASBA mechanism,https://www.rbi.org.in/scripts/NotificationUser.aspx?Id=6426&Mode=0,Investment Condition,General,1,
74,57,09-08-2011,2011,"QFIs allowed to invest in mutual funds, within the limit of USD 25 bn applicable to FPI investment in infrastructure sector.",https://www.rbi.org.in/scripts/NotificationUser.aspx?Id=6664&Mode=0,Investment Condition,Other,0,
75,58,03-11-2011,2011,"FIIs allowed to invest in bonds/NCDs issued by infrastructure NBFCs within the overall limit of USD 25 billion applicable to FPI investment in infrastructure. 
Lock-in period reduced to 1 year for investments in infrastructure sector.",https://www.rbi.org.in/scripts/NotificationUser.aspx?Id=6794&Mode=0,Investment Condition,Debt,1,
76,58,03-11-2011,2011,The conditions for FPI investment in infra NBFCs made applicable to QFIs investing in mutual funds as well.,https://www.rbi.org.in/scripts/NotificationUser.aspx?Id=6794&Mode=0,Investment Condition,Other,1,
77,59,13-01-2012,2012,QFIs allowed to invest in equity shares,https://www.sebi.gov.in/legal/circulars/jan-2012/investment-by-qualified-foreign-investors-qfi-in-indian-equity-shares_21971.html,Investment Condition,Equity,0,
78,60,01-03-2012,2012,"Clarification on the meaning of ""to be listed"" debt securities.",https://www.rbi.org.in/Scripts/NotificationUser.aspx?Id=7036&Mode=0,Investment Condition,General,0,
79,61,19-03-2012,2012,Prior intimation to the Reserve Bank of India for raising the aggregate Foreign Institutional Investors / Non-Resident Indian limits for investments under the Portfolio Investment Scheme,https://www.rbi.org.in/Scripts/NotificationUser.aspx?Id=7072&Mode=0,Investment Condition,General,-1,
80,62,25-06-2012,2012,Limits for FII increased from USD 15 billion to USD 20 billion in g-secs,https://www.rbi.org.in/Scripts/NotificationUser.aspx?Id=7292&Mode=0,Investment Limit,Debt,1,
81,63,16-07-2012,2012,Framework for investment by QFI’s in Indian Corporate Debt Securities,https://www.rbi.org.in/Scripts/NotificationUser.aspx?Id=7456&Mode=0,Eligibility,Debt,1,
82,64,05-09-2012,2012,Circular on KYC Requirements,https://www.sebi.gov.in/legal/circulars/sep-2012/know-your-client-requirements_23379.html,Procedure,General,1,
83,65,22-10-2012,2012,FIIs allowed to approach any AD Category I Bank and not just designated AD Category I Bank for availing hedging services,https://www.rbi.org.in/Scripts/NotificationUser.aspx?Id=7637&Mode=0,Procedure,General,1,
84,66,07-11-2012,2012,FIIs can re-invest up to 50% of their debt holdings in each calendar year instead of the option of re-investing twice the amount of  debt holding at the end of two years,https://www.sebi.gov.in/sebi_data/attachdocs/1352289200241.pdf,Investment Condition,Debt,1,
85,66,07-11-2012,2012,Period for utilization of government debt limt to be 30 days and corporate debt limit to be 60 days,https://www.sebi.gov.in/sebi_data/attachdocs/1352289200241.pdf,Investment Condition,Debt,-1,
86,66,07-11-2012,2012,FIIs may avail limits under the corporate debt long term infra category without obtaining SEBI approval till overall FII investments reaches 90%,https://www.sebi.gov.in/sebi_data/attachdocs/1352289200241.pdf,Investment Condition,Debt,1,
87,67,24-01-2013,2013,Total limit raised to US$ 25 billion as Sublimit for long-term category raised to US$ 15 billion,https://www.rbi.org.in/scripts/NotificationUser.aspx?Id=7823&Mode=0,Investment Limit,Debt,1,
88,67,24-01-2013,2013,"In the Government Debt Long Term category, the provision regarding 3 years residual maturity at the time of first purchase shall no longer be applicable. However, within this category, FIIs shall not be allowed to invest in short term paper like treasury bills",https://www.rbi.org.in/scripts/NotificationUser.aspx?Id=7823&Mode=0,Investment Condition,Debt,1,
89,67,24-01-2013,2013,"Investment in corporate debt (apart from Infra, CP and CD) enhanced by USD 5 bn from USD 20 bn to USD 25 bn",https://www.rbi.org.in/scripts/NotificationUser.aspx?Id=7823&Mode=0,Investment Condition,Debt,1,
90,67,24-01-2013,2013,Lock-in periods for investment in Infrastructure bonds relaxed,https://www.rbi.org.in/scripts/NotificationUser.aspx?Id=7823&Mode=0,Investment Condition,Debt,1,
91,68,01-03-2013,2013,Separate sub-limits  of  investment  in  Government  Debt–  Old  of USD 10 billion and in Government Debt– Long Term of USD 15 billion were merged into a single limit of USD 25 billion in Government securities.,https://www.sebi.gov.in/sebi_data/attachdocs/1364824242052.pdf,Investment Limit,Debt,1,
92,68,01-03-2013,2013,"Separate sub-limit of USD 1 billion for QFIs, USD 25 billion for FIIs and USD 25 billion for FIIs in long term infra bonds was merged into a single limit of USD 51 billion for corporate bonds.",https://www.sebi.gov.in/sebi_data/attachdocs/1364824242052.pdf,Investment Limit,Debt,1,
93,69,14-03-2013,2013,FIIs allowed to use investment in corporate bonds as collateral in cash and F&O segment.,https://www.rbi.org.in/scripts/NotificationUser.aspx?Id=7890&Mode=0,Investment Condition,Derivatives,1,
94,70,12-06-2013,2013,Limit enhanced from USD 25 billion to 30 billion,https://www.rbi.org.in/scripts/NotificationUser.aspx?Id=8033&Mode=0,Investment Limit,Debt,1,
95,71,13-08-2013,2013,QFIs allowed to invest in to be listed debt securities,https://www.sebi.gov.in/legal/circulars/aug-2013/investment-by-qualified-foreign-investors-qfis-in-to-be-listed-indian-corporate-debt-securities_25181.html,Investment Condition,Debt,1,
96,72,19-08-2013,2005,FIIs allowed to invest in security reciepts issued by ARCs upto 49% of the total reciepts issued. Exposure of individual FII should not exceed 10 per cent of the scheme,https://www.rbi.org.in/scripts/NotificationUser.aspx?Id=8318&Mode=0,Investment Condition,Debt,1,
97,73,11-11-2013,2013,FIIs/QFIs allowed to invest in credit enhanced bonds up to a limit of USD 5 billion within the overall limit of USD 51 billion,https://www.rbi.org.in/scripts/NotificationUser.aspx?Id=8563&Mode=0,Investment Condition,Debt,1,
98,74,07-01-2014,2014,FPI regulations notified by SEBI,https://www.sebi.gov.in/sebi_data/attachdocs/1389083605384.pdf,Investment Condition,General,1,
99,75,29-01-2014,2014,Enhances 5 bn sublimit for SWF/MDB/Pension/Insurance/Endowment/Foreign Central Banks in Government securities. The sub-limit enhanced to USD 10 billion,https://www.rbi.org.in/Scripts/NotificationUser.aspx?Id=8721&Mode=0,Investment limit,Debt,1,
100,76,14-02-2014,2014,CP sub-limit reduced to encourage long term investments,https://www.rbi.org.in/scripts/NotificationUser.aspx?Id=8746&Mode=0,Investment Condition,Debt,0,
101,77,03-04-2014,2014,Harmonization of KYC requirements for FPIs,https://www.rbi.org.in/scripts/NotificationUser.aspx?Id=8824&Mode=0,Procedure,General,1,
102,78,15-05-2014,2014,Risk management framework for FPIs updated to give effect to the FPI Regs,https://www.sebi.gov.in/legal/circulars/may-2014/risk-management-framework-for-foreign-portfolio-investors-fpi-under-the-sebi-foreign-portfolio-investors-regulations-2014_26884.html,Procedure,General,0,
103,79,06-06-2014,2014,"FPIs allowed to invest on repatriation basis, in NCDs/RPS or debentures issued by a listed Indian company",https://www.rbi.org.in/scripts/NotificationUser.aspx?Id=8928&Mode=0,Investment Condition,General,1,
104,80,20-06-2014,2014,Guidelines relating to participation of Foreign Portfolio Investors (FPIs) in the Exchange Traded Currency Derivatives (ETCD) market,https://www.rbi.org.in/scripts/NotificationUser.aspx?Id=8952&Mode=0,Investment Condition,Derivatives,1,
105,81,23-07-2014,2014,FPI Limits increased for Government securities increased. Corresponding limit for long term investors reduced.,https://www.rbi.org.in/Scripts/NotificationUser.aspx?Id=9128&Mode=0,Investment Condition,Debt,1,
106,82,08-09-2014,2014,FPIs allowed to hedge the coupon receipts arising out of their investments in debt securities,https://www.rbi.org.in/scripts/NotificationUser.aspx?Id=9219&Mode=0,Investment Condition,Debt,1,
107,83,03-02-2015,2015,Future investments by FPIs in corporate bonds to be made in corporate bonds with residual maturity of three years,https://www.rbi.org.in/scripts/NotificationUser.aspx?Id=9543&Mode=0,Investment Condition,Debt,-1,
108,84,31-03-2015,2015,Revised Position Limits for Foreign Portfolio Investors (FPIs) in the Exchange Traded Currency Derivatives (ETCD) market,https://www.rbi.org.in/scripts/NotificationUser.aspx?Id=9630&Mode=0,Investment Condition,Derivatives,1,
109,84,31-03-2015,2015,Revised Position Limits for Foreign Portfolio Investors (FPIs) in the Exchange Traded Currency Derivatives (ETCD) market,https://www.rbi.org.in/scripts/NotificationUser.aspx?Id=9630&Mode=0,Investment Condition,Derivatives,1,
110,85,06-10-2015,2015,Increase in FPI Limits for government securities to be effected quarterly,https://www.rbi.org.in/scripts/NotificationUser.aspx?Id=10059&Mode=0,Investment Limit,Debt,1,
111,86,26-11-2015,2015,FPIs allowed to acquire bonds under default,https://www.rbi.org.in/scripts/NotificationUser.aspx?Id=10147&Mode=0,Investment Condition,General,1,
112,87,13-04-2016,2016,Limit of US$ 51 billion fixed in Rupee terms at Rs. 2443.23 billion (including masala bonds),https://rbi.org.in/Scripts/NotificationUser.aspx?Id=10350&Mode=0,Investment Limit,Debt,0,
113,88,08-07-2016,2016,"Amendment to FPI Regs: Transfer of offshore derivative instruments issued by FPIs or on their behalf (22(2), FPI Regs)",https://www.sebi.gov.in/legal/regulations/jul-2016/sebi-foreign-portfolio-investors-amendment-regulations-2016_32826.html,Investment Condition,Derivatives,-1,
114,89,27-12-2016,2016,Revision of limits for stock brokers/FPIs/Mfs for stock derivative contracts,https://www.sebi.gov.in/legal/circulars/dec-2016/review-of-the-position-limits-available-to-stock-brokers-foreign-portfolio-investors-fpis-category-i-and-ii-mutual-funds-mfs-for-stock-derivatives-contracts_33876.html,Investment Condition,Derivatives,1,
115,90,12-01-2017,2017,Amendment to FPI Regs: FPIs allowed to access corporate bonds and 'electronic book provider platform' of stock exchanges without a stock broker,https://www.sebi.gov.in/legal/regulations/jan-2017/securities-and-exchange-board-of-india-foreign-portfolio-investors-amendment-regulations-2017_34039.html,Investment Condition,General,1,
116,91,27-02-2017,2017,Amendment to FPI Regs: FPIs allowed to invest in unlisted convertible bonds and securitized debt instruments,https://www.sebi.gov.in/legal/regulations/feb-2017/sebi-foreign-portfolio-investors-amendment-regulations-2017-last-amended-on-february-27-2017-_34288.html,Investment Condition,Debt,1,
117,92,29-05-2017,2017,Amendment to FPI Regs: Offshore derivative instruments cannot be issued to persons who are residents in India or entities that are beneficially owned by Indians/NRIs,https://www.sebi.gov.in/legal/regulations/may-2017/sebi-foreign-portfolio-investors-third-amendment-regulations-2017_35030.html,Investment Condition,Derivatives,-1,
118,93,03-07-2017,2017,"FPI Limit in G-secs enhanced from INR 2,580 Bn to INR 2,751 Bn",https://rbidocs.rbi.org.in/rdocs/notification/PDFs/NOTI12F1876719F68842A98FEF35F8C9646C30.PDF,Investment Limit,Debt,1,
119,94,20-07-2017,2017,Amendment to FPI Regs: Collection of regulatory fees from subscribers to ODIs by FPIs,https://www.sebi.gov.in/legal/regulations/jul-2017/sebi-foreign-portfolio-investors-fourth-amendment-regulations-2017_35501.html,Procedure,General,-1,
120,95,22-09-2017,2017,"FPI limit stipulated as per current INR rate deceasing to INR 2273.22 billion.
FPI limit for corporate bonds to be increased by INR 170 billion to get it to the same level as before from Jan 01, 2017",Not available,Investment Limit,Debt,0,
121,96,26-09-2017,2017,Permission to FPIs for trading in commodity derivatives in an IFSC,https://www.sebi.gov.in/legal/circulars/sep-2017/participation-of-foreign-portfolio-investors-fpis-in-commodity-derivatives-in-ifsc_36081.html,Investment Condition,Derivatives,1,
122,97,28-09-2017,2017,"FPI Limit in G-secs enhanced from INR 2,751 Bn to INR 2893 Bn",https://m.rbi.org.in/Scripts/BS_CircularIndexDisplay.aspx?Id=11132,Investment Limit,Debt,1,
123,98,07-11-2017,2017,FEMA 20R introduced,https://www.rbi.org.in/Scripts/NotificationUser.aspx?Id=11161&Mode=0,Investment Condition,General,0,
124,99,16-11-2017,2017,FPIs allowed to settle settle OTC secondary market transactions in Government Securities either on T+1 or on T+2 basis,https://www.rbi.org.in/Scripts/NotificationUser.aspx?Id=11172&Mode=0,Investment Condition,Debt,1,
125,100,08-03-2018,2018,Circular notifying separate limit of Interest Rate Futures (IRFs),https://www.sebi.gov.in/legal/circulars/mar-2018/separate-limit-of-interest-rate-futures-irfs-for-foreign-portfolio-investors-fpis-_38127.html,Investment Condition,Derivatives,1,
126,101,05-04-2018,2018,Amendment to FPI Regs: Relaxation in eligibility requirements for Category I and II FPIs,https://www.sebi.gov.in/legal/regulations/apr-2018/securities-and-exchange-board-of-india-foreign-portfolio-investors-amendment-regulations-2018_38626.html,Eligibility,General,1,
127,101,05-04-2018,2018,Exit of some investors from a broad based fund to not result in derecognition of the fund as Category-II,https://www.sebi.gov.in/legal/regulations/apr-2018/securities-and-exchange-board-of-india-foreign-portfolio-investors-amendment-regulations-2018_38626.html,Investment Condition,General,1,
128,101,05-04-2018,2018,Amendment to FPI Regs: FPis to adhere to the fit and proper criteria notified by SEBI as well as provide sufficient information to esure compiance with PMLA.,https://www.sebi.gov.in/legal/regulations/apr-2018/securities-and-exchange-board-of-india-foreign-portfolio-investors-amendment-regulations-2018_38626.html,Procedure,General,-1,
129,102,06-04-2018,2018,"Increase in FPI limits for Government securities and state development loans;
SDL sub limit, 'long-term' has been shifted  to G-Secs as no allocation has been done under the category;
G-sec ratio between long-term and general changed from 75:25 to 50:50",https://www.rbi.org.in/Scripts/NotificationUser.aspx?Id=11241&Mode=0,Investment Condition,Debt,1,
130,102,06-04-2018,2018,Corporate bond limit to be a single limit and all sub-limits to be merged,https://www.rbi.org.in/Scripts/NotificationUser.aspx?Id=11241&Mode=0,Investment Condition,Debt,1,
131,103,10-04-2018,2018,Circular modifying KYC criterion inter alia widening the definition of a beneficial owner,https://www.sebi.gov.in/legal/circulars/apr-2018/know-your-client-requirements-for-foreign-portfolio-investors-fpis-_38618.html,Procedure,General,-1,
132,104,27-04-2018,2018,Amendment to FPI Regs: All securities are to be held free from encumbrances not just equity shares,https://www.sebi.gov.in/legal/regulations/apr-2018/securities-and-exchange-board-of-india-foreign-portfolio-investors-second-amendment-regulations-2018_39180.html,Investment Condition,General,-1,
133,104,27-04-2018,2018,Minimum maturity period for investment into g-bonds reduced from 3 to 1 year,https://www.rbi.org.in/Scripts/NotificationUser.aspx?Id=11266&Mode=0,Investment Condition,Debt,1,
134,104,27-04-2018,2018,Investment in short term bonds (with maturity up to 1 year) should not be more than 20% of the investments made by the FPI in government bonds,https://www.rbi.org.in/Scripts/NotificationUser.aspx?Id=11266&Mode=0,Investment Condition,Debt,1,
135,104,27-04-2018,2018,Min. maturity of corporate bonds in which FPIs are allowed to invest lowered from 3 to 1 year.,https://www.rbi.org.in/Scripts/NotificationUser.aspx?Id=11266&Mode=0,Investment Condition,Debt,1,
136,104,27-04-2018,2018,Cap on investment by FPIs in investing in central government security increased from 20 to 30% of the outstanding stock of that security,https://www.rbi.org.in/Scripts/NotificationUser.aspx?Id=11266&Mode=0,Investment Condition,Debt,1,
137,104,27-04-2018,2018,Concentration limits specified for FPIs,https://www.rbi.org.in/Scripts/NotificationUser.aspx?Id=11266&Mode=0,Investment Condition,General,-1,
138,104,27-04-2018,2018,Authorities for monitoring FPI limits specified,https://www.rbi.org.in/Scripts/NotificationUser.aspx?Id=11266&Mode=0,Procedure,General,0,
139,104,27-04-2018,2018,"Limits specified for issuance of corporate bonds to FPIs- Aggregate- 50%, and individual 20%. Companies currently under the process of issuing to corporates exempted",https://www.rbi.org.in/Scripts/NotificationUser.aspx?Id=11266&Mode=0,Investment Condition,Debt,-1,
140,104,27-04-2018,2018,FPI specifically prohibited from investing in partly paid  debt  instruments,https://www.rbi.org.in/Scripts/NotificationUser.aspx?Id=11266&Mode=0,Investment Condition,Debt,-1,
141,105,01-05-2018,2018,Investment by FPIs in corporate bonds with residual maturity below one year should not exceed 20% of the total investment of that FPI in corporate bonds.,https://www.rbi.org.in/Scripts/NotificationUser.aspx?Id=11268&Mode=0,Investment Condition,Debt,-1,
142,105,01-05-2018,2018,Clarification to the 27 April Circular: FPIs allowed to invest in treasury bills issued by the Central Government,https://www.rbi.org.in/Scripts/NotificationUser.aspx?Id=11268&Mode=0,Investment Condition,Debt,1,
143,105,01-05-2018,2018,"Clarification to the 27 April Circular: ""related entities' to have the same meaning as defined under the Companies Act",https://www.rbi.org.in/Scripts/NotificationUser.aspx?Id=11268&Mode=0,Investment Condition,General,0,
144,106,15-06-2018,2018,"Minimum maturity restriction for G-secs and SDLs withdrawn
",https://www.sebi.gov.in/legal/circulars/jun-2018/review-of-investment-by-foreign-portfolio-investors-fpi-in-debt_39284.html,Investment Condition,Debt,1,
145,106,15-06-2018,2018,Monitoring of FPI investments in G-secs and SDLs moved from stock exchanges to CCI,https://www.sebi.gov.in/legal/circulars/jun-2018/review-of-investment-by-foreign-portfolio-investors-fpi-in-debt_39284.html,Procedure,Debt,0,
146,106,15-06-2018,2018,Guidelines relating to participation of Foreign Portfolio Investors (FPIs) in the Exchange Traded Currency Derivatives (ETCD) market,https://rbi.org.in/Scripts/NotificationUser.aspx?Id=11303&Mode=0,Investment Condition,Derivatives,1,
147,107,13-07-2018,2018,Direction to depositories and registrar and transfer agents to co-ordinate information to ensure compliance of FPI norms,https://www.sebi.gov.in/legal/circulars/jul-2018/investment-by-foreign-portfolio-investors-fpi-through-primary-market-issuances_39539.html,Procedure,General,0,
148,108,21-08-2018,2018,Additional time period granted for compliance with KYC requirements,https://www.sebi.gov.in/legal/circulars/aug-2018/amendment-to-sebi-circular-no-cir-imd-fpic-cir-p-2018-64-dated-april-10-2018-on-know-your-client-requirements-for-foreign-portfolio-investors-fpis-_40065.html,Procedure,General,1,
149,109,21-09-2018,2018,Eligibility conditions for Foreign Portfolio Investors (FPIs) revised to allow for NRIs and OCIs to be constiuents of FPIs,https://www.sebi.gov.in/legal/circulars/sep-2018/eligibility-conditions-for-foreign-portfolio-investors-fpis-_40409.html,Eligibility,General,1,
150,109,21-09-2018,2018,Know Your Client Requirements for Foreign Portfolio Investors (FPIs) revised,https://www.sebi.gov.in/legal/circulars/sep-2018/eligibility-conditions-for-foreign-portfolio-investors-fpis-_40409.html,Procedure,General,-1,
151,110,13-12-2018,2018,"Clarification on clubbing of investment limits of Foreign Portfolio Investors (""FPIs"")",https://www.sebi.gov.in/legal/circulars/dec-2018/clarification-on-clubbing-of-investment-limits-of-foreign-portfolio-investors-fpis-_41281.html,Investment Condition,General,-1,
